Name,Price,Articul
"Диск алмазный сегментный отрезной 230*22,23мм Mr. ЭКОНОМИК, 101-011",745.00 р.,Артикул: 101-011
"Диск алмазный сегментный отрезной 180*22,23мм Mr. ЭКОНОМИК, 101-009",570.00 р.,Артикул: 101-009
"Диск алмазный сегментный отрезной 150*22,23мм Mr. ЭКОНОМИК, 101-008",405.00 р.,Артикул: 101-008
"Диск алмазный сегментный отрезной 125*22,23мм Mr. ЭКОНОМИК, 101-007",275.00 р.,Артикул: 101-007
"Диск алмазный сегментный отрезной 115*22,23мм Mr. ЭКОНОМИК, 101-006",225.00 р.,Артикул: 101-006
"Диск алмазный турбо отрезной 230*22,23мм Mr. ЭКОНОМИК, 100-011",765.00 р.  (шт),Артикул: 100-011
"Диск алмазный турбо отрезной 180*22,23мм Mr. ЭКОНОМИК, 100-009",585.00 р.  (шт),Артикул: 100-009
"Диск алмазный турбо отрезной 150*22,23мм Mr. ЭКОНОМИК, 100-008",415.00 р.  (шт),Артикул: 100-008
"Диск алмазный турбо отрезной 125*22,23мм Mr. ЭКОНОМИК, 100-007",285.00 р.  (шт),Артикул: 100-007
"Диск алмазный турбо отрезной 115*22,23мм Mr. ЭКОНОМИК, 100-006",230.00 р.  (шт),Артикул: 100-006
Лазерный диск Trio-Diamond 600 мм Segment Лазер Бетон,15765.00 р.  (шт),Артикул: 380600
Лазерный диск Trio-Diamond 500 мм Segment Лазер Бетон,9645.00 р.  (шт),Артикул: 380500
Лазерный диск Trio-Diamond 450 мм Segment Лазер Бетон,9275.00 р.  (шт),Артикул: 380450
Алмазный диск по асфальту 350 мм,2700.00 р.  (шт),Артикул: SSS350C2054(ASF)
"Алмазный диск Asphalt Premium S-13, 400x3,2x25,40 (арт. AP-S-13-0400-025) ""D.BOR""",9320.00 р.,Артикул: D-AP-S-13-0400-025
"Алмазный диск Ceramic C-7, 350x3,2x30/25,4 (арт. C-C-07-0350-030) ""D.BOR""",3982.50 р.  (шт),Артикул: D-C-C-07-0350-030
"Алмазный диск Ceramic C-7, 300x3,0x30/25,4 (арт. C-C-07-0300-030) ""D.BOR""",3141.00 р.  (шт),Артикул: D-C-C-07-0300-030
"Алмазный диск Ceramic C-7, 250x2,6x30/25,4 (арт. C-C-07-0250-030) ""D.BOR""",2331.00 р.  (шт),Артикул: D-C-C-07-0250-030
"Алмазный диск Ceramic C-7, 230x2,6x25,4/22,23 (арт. C-C-07-0230-025) ""D.BOR""",1381.50 р.  (шт),Артикул: D-C-C-07-0230-025
"Алмазный диск Ceramic C-7, 200x2,6x30/25,4 (арт. C-C-07-0200-030) ""D.BOR""",1262.70 р.  (шт),Артикул: D-C-C-07-0200-030
"Алмазный диск Ceramic C-7, 180x2,4x25,4/22,23 (арт. C-C-07-0180-025) ""D.BOR""",936.00 р.  (шт),Артикул: D-C-C-07-0180-025
"Алмазный диск Ceramic C-7, 150x2,2x25,4/22,23 (арт. C-C-07-0150-025) ""D.BOR""",773.10 р.  (шт),Артикул: D-C-C-07-0150-025
"Алмазный диск Ceramic C-7, 125x2,0x22,23 (арт. C-C-07-0125-022) ""D.BOR""",473.40 р.  (шт),Артикул: D-C-C-07-0125-022
"Алмазный диск Ceramic C-7, 115x1,8x22,23 (арт. C-C-07-0115-022) ""D.BOR""",418.50 р.  (шт),Артикул: D-C-C-07-0115-022
